,Barcode Sequence,Count,Frequency
0,CTAACCGTCACAGTAACCGCAGCTACCCTGCTG,13255,0.6850837295844532
1,CTAACTGTTACGGTAACAGCTGCGACGCTTCTC,2240,0.11577424023154848
2,CTAACCGTTACAGTAACCGCAGCTACCCTGCTG,733,0.03788505271862725
3,CTAACCGTTACTGTAACCGCAGCAACCCTGCTG,479,0.024757080835228446
4,CTAACCGTTACTGTTACCGCGGCAACCCTGCTG,291,0.015040314244366342
5,CTAACCGTTACTGTAACCGCGGCAACCCTGCTG,136,0.007029150299772587
6,CTAACCGTTACGGTAACCGCTGCGACCCTGCTG,128,0.006615670870374199
7,CTCACCGTTACTGTCACTGCAGCAACCCTACTT,122,0.006305561298325408
8,CTAACCGTCACTGTAACCGCAGCTACCCTGCTG,120,0.0062021914409758115
9,CTAACCGTTACTGTAACTGCAGCAACCCTACTT,113,0.005840396940252223
10,CTAACAGTCACGGTCACCGCCGCAACGCTTCTT,94,0.004858383295431052
11,CTGACAGTCACTGTGACTGCAGCCACCCTACTT,94,0.004858383295431052
12,CTAACCGTTACGGTAACAGCAGCGACCCTTCTC,88,0.0045482737233822615
13,CTAACCGTTACGGTAACCGCAGCGACCCTGCTG,84,0.004341534008683068
14,CTAACCGTTACTGTCACTGCAGCAACCCTACTT,72,0.003721314864585487
15,CTAACCGTCACGGTAACCGCAGCTACCCTGCTG,69,0.0035662600785610916
16,CTAACCGTCACAGTAACCGCAGCAACCCTGCTG,64,0.0033078354351870993
17,CTAACAGTCACTGTAACTGCAGCCACCCTACTT,51,0.00263593136241472
18,CTAACCGTCACTGTAACCGCAGCAACCCTGCTG,49,0.002532561505065123
19,CTAACCGTCACGGTAACCGCAGCTACGCTTCTG,47,0.002429191647715526
20,CTAACCGTCACGGTAACCGCAGCTACCCTTCTG,40,0.002067397146991937
21,CTAACAGTCACTGTGACTGCAGCCACCCTACTT,39,0.002015712218317139
22,CTAACTGTTACGGTAACCGCTGCGACGCTTCTC,36,0.0018606574322927434
23,CTAACTGTTACGGTAACAGCTGCGACCCTTCTC,34,0.0017572875749431466
24,CTAACCGTCACGGTAACCGCAGCAACCCTGCTG,31,0.0016022327889187514
25,CTAACCGTTACGGTAACCGCAGCTACCCTGCTG,30,0.0015505478602439529
26,CTAACTGTTACGGTAACAGCAGCGACCCTTCTC,27,0.0013954930742195576
27,CTAACCGTTACTGTAACCGCAGCTACCCTGCTG,27,0.0013954930742195576
28,CTAACCGTTACTGTTACCGCAGCAACCCTGCTG,26,0.0013438081455447591
29,CTAACCGTTACGGTAACCGCAGCAACCCTGCTG,26,0.0013438081455447591
30,CTAACCGTTACAGTAACCGCAGCAACCCTGCTG,25,0.0012921232168699606
31,CTAACAGTCACGGTAACCGCCGCAACGCTTCTT,25,0.0012921232168699606
32,CTAACCGTTACGGTAACCGCTGCGACGCTTCTG,22,0.0011370684308455654
33,CTAACCGTCACTGTAACTGCAGCCACCCTACTT,20,0.0010336985734959686
34,CTAACTGTCACGGTAACCGCTGCGACGCTTCTC,20,0.0010336985734959686
35,CTAACCGTTACGGTAACAGCTGCGACCCTTCTC,20,0.0010336985734959686
36,CTAACCGTTACGGTAACCGCAGCGACCCTTCTG,20,0.0010336985734959686
37,CTAACCGTCACTGTAACTGCAGCTACCCTACTT,18,0.0009303287161463717
38,CTAACCGTCACGGTAACCGCAGCAACGCTTCTT,17,0.0008786437874715733
39,CTAACTGTCACGGTAACAGCAGCGACCCTTCTC,16,0.0008269588587967748
40,CTAACCGTCACGGTAACCGCAGCAACCCTTCTG,15,0.0007752739301219764
41,CTAACCGTCACGGTAACCGCAGCAACGCTTCTG,14,0.000723589001447178
42,CTAACCGTCACGGTAACCGCAGCAACCCTTCTT,14,0.000723589001447178
43,CTAACCGTCACAGTAACCGCAGCTACCCTGCTT,13,0.0006719040727723796
44,CTAACCGTTACTGTAACCGCAGCGACCCTGCTG,13,0.0006719040727723796
45,CTAACCGTTACGGTAACCGCAGCAACCCTTCTG,11,0.0005685342154227827
46,CTTACCGTTACGGTAACCGCTGCGACACTCCTG,11,0.0005685342154227827
47,CTAACCGTTACGGTAACCGCTGCGACCCTTCTG,11,0.0005685342154227827
48,CTAACCGTCACTGTAACCGCAGCAACCCTGCTT,11,0.0005685342154227827
49,CTAACCGTTACGGTAACCGCAGCAACCCTTCTT,10,0.0005168492867479843
50,CTAACCGTCACAGTAACCGCAGCTACCCTTCTG,9,0.00046516435807318586
51,CTAACAGTCACGGTAACCGCAGCAACGCTTCTT,9,0.00046516435807318586
52,CTAACCGTCACGGTAACCGCAGCGACCCTGCTG,9,0.00046516435807318586
53,CTAACCGTCACGGTCACCGCAGCAACCCTTCTT,8,0.0004134794293983874
54,CTAACCGTTACTGTCACCGCAGCAACCCTGCTG,8,0.0004134794293983874
55,CTAACTGTTACGGTAACAGCAGCGACGCTTCTC,7,0.000361794500723589
56,CTAACCGTTACGGTAACCGCAGCGACCCTTCTC,7,0.000361794500723589
57,CTAACCGTCACTGTAACCGCAGCCACCCTGCTG,7,0.000361794500723589
58,CTAACCGTTACGGTAACAGCTGCGACGCTTCTC,7,0.000361794500723589
59,CTAACCGTCACTGTAACTGCAGCAACCCTACTT,6,0.0003101095720487906
60,CTAACCGTCACTGTAACCGCAGCTACCCTGCTT,6,0.0003101095720487906
61,CTAACCGTTACAGTAACCGCAGCGACCCTGCTG,6,0.0003101095720487906
62,CTAACCGTTACTGTAACCGCAGCAACCCTACTT,6,0.0003101095720487906
63,CTAACCGTCACGGTAACCGCAGCGACCCTTCTG,6,0.0003101095720487906
64,CTAACAGTCACGGTAACCGCAGCAACCCTTCTT,6,0.0003101095720487906
65,CTAACTGTCACGGTAACCGCAGCGACGCTTCTC,6,0.0003101095720487906
66,CTAACCGTTACGGTAACCGCAGCTACCCTTCTG,5,0.00025842464337399215
67,CTAACCGTTACGGTAACCGCTGCGACACTCCTG,5,0.00025842464337399215
68,CTAACCGTCACTGTGACTGCAGCCACCCTACTT,5,0.00025842464337399215
69,CTAACAGTCACGGTCACCGCAGCAACCCTTCTT,5,0.00025842464337399215
70,CTAACCGTCACTGTTACCGCAGCAACCCTGCTG,5,0.00025842464337399215
71,CTAACCGTTACTGTAACTGCAGCGACCCTACTT,5,0.00025842464337399215
72,CTAACCGTTACGGTAACCGCTGCGACCCTCCTG,5,0.00025842464337399215
73,CTAACAGTCACTGTAACCGCAGCCACCCTACTT,5,0.00025842464337399215
74,CTAACCGTCACGGTAACCGCCGCAACGCTTCTG,5,0.00025842464337399215
75,CTAACAGTCACGGTAACCGCAGCCACCCTTCTT,4,0.0002067397146991937
76,CTAACCGTTACGGTAACCGCTGCGACGCTTCTC,4,0.0002067397146991937
77,CTAACCGTCACTGTCACCGCAGCAACCCTACTT,4,0.0002067397146991937
78,CTAACCGTCACAGTAACCGCAGCGACCCTTCTG,4,0.0002067397146991937
79,CTAACTGTCACGGTAACAGCTGCGACGCTTCTC,4,0.0002067397146991937
80,CTAACCGTCACGGTAACCGCTGCGACGCTTCTG,4,0.0002067397146991937
81,CTAACCGTTACTGTCACCGCAGCAACCCTACTT,4,0.0002067397146991937
82,CTAACAGTCACGGTAACCGCAGCTACCCTTCTT,4,0.0002067397146991937
83,CTGACCGTCACTGTGACTGCAGCCACCCTACTT,4,0.0002067397146991937
84,CTAACCGTTACGGTAACAGCAGCGACCCTGCTG,4,0.0002067397146991937
85,CTAACCGTCACTGTGACCGCAGCCACCCTGCTG,4,0.0002067397146991937
86,CTAACCGTCACAGTAACCGCAGCAACCCTGCTT,4,0.0002067397146991937
87,CTAACCGTTACTGTAACCGCAGCAACCCTGCTT,4,0.0002067397146991937
88,CTAACCGTTACAGTAACAGCAGCTACCCTGCTG,3,0.0001550547860243953
89,CTAACCGTCACAGTAACAGCAGCTACCCTGCTG,3,0.0001550547860243953
90,CTAACCGTTACGGTAACAGCTGCGACCCTGCTG,3,0.0001550547860243953
91,CTAACCGTCACGGTCACCGCCGCAACGCTTCTT,3,0.0001550547860243953
92,CTAACCGTCACTGTCACCGCAGCAACCCTGCTT,3,0.0001550547860243953
93,CTAACCGTCACAGTAACCGCAGCGACCCTGCTG,3,0.0001550547860243953
94,CTAACAGTCACTGTGACCGCAGCCACCCTACTT,3,0.0001550547860243953
95,CTAACCGTTACGGTAACCGCTGCAACCCTGCTG,3,0.0001550547860243953
96,CTAACCGTTACTGTAACCGCTGCGACCCTGCTG,3,0.0001550547860243953
97,CTAACAGTCACGGTAACCGCAGCGACGCTTCTT,3,0.0001550547860243953
98,CTAACCGTTACTGTAACCGCAGCAACCCTTCTT,3,0.0001550547860243953
99,CTAACCGTCACGGTAACCGCAGCGACCCTTCTT,3,0.0001550547860243953
100,CTAACCGTCACGGTAACAGCAGCGACCCTTCTC,3,0.0001550547860243953
101,CTAACCGTTACGGTAACCGCGGCAACCCTGCTG,3,0.0001550547860243953
102,CTAACCGTTACGGTCACCGCAGCAACCCTTCTT,3,0.0001550547860243953
103,CTAACCGTCACGGTAACCGCAGCGACGCTTCTG,2,0.00010336985734959685
104,CTAACCGTCACTGTAACCGCAGCTACCCTACTT,2,0.00010336985734959685
105,CTAACCGTCACAGTAACCGCAGCTACGCTTCTG,2,0.00010336985734959685
106,CTAACCGTCACTGTGACCGCAGCAACCCTGCTG,2,0.00010336985734959685
107,CTCACCGTTACTGTAACTGCAGCAACCCTACTT,2,0.00010336985734959685
108,CTAACCGTTACGGTAACAGCAGCAACCCTTCTT,2,0.00010336985734959685
109,CTCACCGTCACTGTCACTGCAGCAACCCTACTT,2,0.00010336985734959685
110,CTAACCGTTACGGTAACCGCAGCGACCCTGCTC,2,0.00010336985734959685
111,CTAACCGTTACTGTAACCGCTGCAACCCTGCTG,2,0.00010336985734959685
112,CTAACCGTTACAGTAACAGCAGCGACCCTTCTC,2,0.00010336985734959685
113,CTAACCGTTACGGTAACAGCAGCGACGCTTCTC,2,0.00010336985734959685
114,CTAACCGTTACGGTCACCGCAGCAACGCTTCTT,2,0.00010336985734959685
115,CTAACAGTCACGGTAACCGCAGCTACGCTTCTT,2,0.00010336985734959685
116,CTAACCGTTACGGTAACAGCTGCGACCCTTCTG,2,0.00010336985734959685
117,CTAACCGTCACGGTAACCGCTGCGACGCTTCTC,2,0.00010336985734959685
118,CTAACCGTTACGGTAACCGCAGCGACGCTTCTC,2,0.00010336985734959685
119,CTAACCGTCACGGTAACCGCCGCAACGCTTCTT,2,0.00010336985734959685
120,CTAACCGTCACTGTAACCGCAGCCACCCTGCTT,2,0.00010336985734959685
121,CTAACAGTCACAGTAACCGCAGCTACCCTGCTT,2,0.00010336985734959685
122,CTAACAGTCACTGTAACCGCAGCAACCCTGCTT,2,0.00010336985734959685
123,CTAACCGTTACGGTAACCGCTGCAACGCTTCTG,2,0.00010336985734959685
124,CTAACCGTTACTGTAACTGCAGCCACCCTACTT,2,0.00010336985734959685
125,CTAACCGTCACTGTAACCGCAGCGACCCTGCTG,2,0.00010336985734959685
126,CTAACCGTCACTGTCACTGCAGCAACCCTACTT,2,0.00010336985734959685
127,CTAACCGTTACAGTAACCGCGGCAACCCTGCTG,1,5.168492867479843e-05
128,CTAACCGTCACTGTAACCGCAGCAACCCTTCTT,1,5.168492867479843e-05
129,CTAACCGTTACTGTTACTGCAGCAACCCTACTT,1,5.168492867479843e-05
130,CTAACCGTTACGGTAACCGCTGCGACCCTTCTC,1,5.168492867479843e-05
131,CTAACCGTTACGGTAACAGCAGCGACCCTTCTG,1,5.168492867479843e-05
132,CTAACCGTTACGGTAACAGCAGCGACCCTTCTT,1,5.168492867479843e-05
133,CTAACCGTTACGGTAACCGCAGCAACGCTTCTG,1,5.168492867479843e-05
134,CTAACAGTCACTGTGACCGCAGCCACCCTGCTT,1,5.168492867479843e-05
135,CTAACCGTCACGGTCACCGCCGCAACCCTGCTG,1,5.168492867479843e-05
136,CTAACAGTCACTGTGACTGCAGCCACCCTTCTT,1,5.168492867479843e-05
137,CTAACTGTTACGGTAACCGCAGCTACCCTGCTG,1,5.168492867479843e-05
138,CTAACAGTCACTGTAACCGCAGCCACCCTTCTT,1,5.168492867479843e-05
139,CTAACCGTCACAGTCACCGCAGCAACCCTGCTT,1,5.168492867479843e-05
140,CTAACCGTTACGGTAACCGCAGCGACCCTACTG,1,5.168492867479843e-05
141,CTAACCGTTACGGTAACCGCAGCAACGCTTCTT,1,5.168492867479843e-05
142,CTAACCGTTACTGTTACTGCAGCAACCCTGCTG,1,5.168492867479843e-05
143,CTAACCGTTACAGTAACCGCAGCTACCCTTCTG,1,5.168492867479843e-05
144,CTAACCGTTACTGTAACAGCAGCAACCCTTCTC,1,5.168492867479843e-05
145,CTAACAGTCACGGTAACTGCAGCGACCCTACTT,1,5.168492867479843e-05
146,CTAACCGTTACGGTTACCGCGGCAACCCTTCTG,1,5.168492867479843e-05
147,CTAACAGTCACGGTCACCGCCGCAACCCTTCTT,1,5.168492867479843e-05
148,CTGACCGTTACTGTGACTGCAGCAACCCTACTT,1,5.168492867479843e-05
149,CTAACCGTTACGGTAACTGCAGCAACCCTTCTT,1,5.168492867479843e-05
150,CTAACAGTCACGGTAACCGCTGCAACGCTTCTT,1,5.168492867479843e-05
151,CTAACTGTTACGGTAACCGCAGCGACGCTTCTC,1,5.168492867479843e-05
152,CTAACCGTTACGGTAACAGCAGCGACCCTGCTC,1,5.168492867479843e-05
153,CTAACCGTCACAGTAACTGCAGCTACCCTACTT,1,5.168492867479843e-05
154,CTAACCGTTACGGTAACAGCAGCAACGCTTCTC,1,5.168492867479843e-05
155,CTAACCGTTACGGTCACCGCTGCAACGCTTCTT,1,5.168492867479843e-05
156,CTAACCGTTACGGTAACCGCTGCAACGCTTCTC,1,5.168492867479843e-05
157,CTAACAGTCACGGTAACCGCAGCGACCCTTCTT,1,5.168492867479843e-05
158,CTAACCGTTACGGTAACCGCAGCGACGCTTCTG,1,5.168492867479843e-05
159,CTAACAGTTACTGTAACAGCTGCGACCCTTCTC,1,5.168492867479843e-05
160,CTAACTGTTACGGTAACCGCTGCGACGCTTCTG,1,5.168492867479843e-05
161,CTAACCGTCACTGTAACCGCAGCCACCCTACTG,1,5.168492867479843e-05
162,CTAACCGTCACTGTCACCGCAGCAACCCTTCTT,1,5.168492867479843e-05
163,CTAACCGTTACGGTCACAGCTGCAACGCTTCTT,1,5.168492867479843e-05
164,CTAACTGTTACGGTAACCGCTGCAACGCTTCTC,1,5.168492867479843e-05
165,CTAACCGTCACGGTAACCGCCGCAACCCTGCTG,1,5.168492867479843e-05
166,CTAACCGTTACGGTAACAGCAGCAACCCTTCTC,1,5.168492867479843e-05
167,CTAACCGTCACTGTTACCGCGGCAACCCTGCTG,1,5.168492867479843e-05
168,CTAACCGTCACTGTAACTGCAGCGACCCTACTT,1,5.168492867479843e-05
169,CTAACTGTTACGGTAACAGCTGCGACGCTTCTG,1,5.168492867479843e-05
170,CTAACCGTTACGGTAACCGCTGCGACGCTGCTG,1,5.168492867479843e-05
171,CTAACTGTTACGGTAACAGCTGCGACCCTTCTG,1,5.168492867479843e-05
172,CTAACCGTTACGGTAACAGCTGCGACGCTGCTC,1,5.168492867479843e-05
173,CTAACCGTTACTGTAACCGCAGCGACCCTTCTG,1,5.168492867479843e-05
174,CTAACAGTTACGGTCACCGCCGCAACGCTTCTT,1,5.168492867479843e-05
175,CTAACCGTTACTGTCACCGCAGCAACCCTGCTT,1,5.168492867479843e-05
176,CTAACAGTCACTGTCACCGCAGCAACCCTTCTT,1,5.168492867479843e-05
177,CTAACCGTCACGGTCACCGCAGCAACGCTTCTT,1,5.168492867479843e-05
178,CTAACCGTTACAGTAACAGCAGCTACCCTTCTG,1,5.168492867479843e-05
179,CTAACCGTTACAGTAACCGCAGCTACCCTGCTT,1,5.168492867479843e-05
180,CTAACAGTCACTGTCACCGCAGCAACCCTACTT,1,5.168492867479843e-05
181,CTAACAGTCACGGTAACAGCAGCGACCCTTCTC,1,5.168492867479843e-05
182,CTAACCGTTACTGTAACAGCAGCAACCCTACTT,1,5.168492867479843e-05
183,CTAACTGTTACTGTAACAGCAGCGACCCTTCTC,1,5.168492867479843e-05
184,CTAACCGTCACGGTAACCGCCGCAACCCTTCTT,1,5.168492867479843e-05
185,CTAACCGTTACTGTAACAGCAGCGACCCTTCTC,1,5.168492867479843e-05
186,CTAACCGTTACTGTAACTGCAGCTACCCTACTT,1,5.168492867479843e-05
187,CTAACCGTCACGGTAACCGCAGCTACCCTTCTC,1,5.168492867479843e-05
188,CTAACCGTTACGGTAACCGCTGCAACGCTTCTT,1,5.168492867479843e-05
189,CTAACTGTTACGGTAACCGCAGCGACCCTTCTC,1,5.168492867479843e-05
190,CTAACAGTCACGGTCACCGCAGCAACGCTTCTT,1,5.168492867479843e-05
191,CTAACAGTCACTGTAACCGCAGCCACCCTGCTT,1,5.168492867479843e-05
192,CTAACCGTTACTGTCACCGCAGCAACCCTTCTT,1,5.168492867479843e-05
193,CTAACCGTTACTGTAACAGCAGCAACCCTTCTG,1,5.168492867479843e-05
194,CTAACCGTCACGGTAACCGCAGCTACCCTTCTT,1,5.168492867479843e-05
195,CTAACCGTCACAGTAACCGCAGCTACCCTACTT,1,5.168492867479843e-05
196,CTAACCGTTACGGTAACCGCAGCTACGCTTCTG,1,5.168492867479843e-05
197,CTAACCGTCACGGTAACCGCAGCTACGCTTCTT,1,5.168492867479843e-05
198,CTAACTGTCACGGTAACCGCAGCGACCCTTCTC,1,5.168492867479843e-05
199,CTAACTGTTACGGTAACCGCTGCAACGCTTCTG,1,5.168492867479843e-05
200,CTAACCGTTACGGTAACAGCAGCTACCCTTCTC,1,5.168492867479843e-05
